{"version":1,"hash":{"type":"Buffer","data":"BrD2SfhgQsOG10Q/lFtYG1FvmMRTZm3/4JL0x4Mj7OhNSmJZP6vJnaLkPbqtDqlew8ZUjGt2AgXXQakWeQpKHLUkbsZqZxf6yFdHnhfwGUD+HT2b8BYl69HyVN/D0eH5+mhzSiLEhq5HTozUs97ThXf+2nTXqqlpbXVkIWZinl8="},"indexValueMap":{"CQRzL6bG9z0RkKCQJTG7yhHQnyzJuEmsYBkBJR5NFbM=":{"valueMac":{"type":"Buffer","data":"flr7ct3x+HLiKgAUIEEjpzVSwzwI68LqCHaZYZAPW1s="}},"EBHoUwlMARihdFk5knkqNSI+Jn626epoNe7DlAmHGxE=":{"valueMac":{"type":"Buffer","data":"Xxnn7G3sSfDhMqIVRfNRls7Kjr0gnkGmsgYgFNqePxs="}},"iwiIqwTFm7WOZ4+QD0Z6hZsmHI4tr1zy2yfr5IjrPJE=":{"valueMac":{"type":"Buffer","data":"ilC5m9Lc61U1LLhneNTPjL8f/SVkzpkbmnSklLCaR6U="}},"OBQsTQnCs5U9P69E9NrQPm9PRYPjQN+iRyik3fEphLE=":{"valueMac":{"type":"Buffer","data":"hHx4maVUEGQ1XoQAVh+Kwz3nILNb/rlruOoJcekUGfY="}},"OuQQZUHAtZDcsn+UjAd4tWhRH619QRt3Fy/vtkKv4pY=":{"valueMac":{"type":"Buffer","data":"DB8i7xAs0scZfZDKAV6klIPXSuE2n4rMcOqouFbwb0I="}}}}