{"version":1,"hash":{"type":"Buffer","data":"H+48bOFCp3+boacEkFTEquEs9+hhxMyEvLOBL7i+HEXfF0GIpIWs13PSTLkt7Z5fK1qbbpcym7VmuA/7WXK/EiR3OYhgS7Yj9V9Wu9VobAvVry54snRefjMUVQP1w37dy98X4kwAh3AjdkC/Jj6uCpkFVVKt1zQIj/vEYi9Mp1g="},"indexValueMap":{"d9zYK7IkKA8WTMww8Ko6S6Qv9zTt9d0tqqNFlA9/6cA=":{"valueMac":{"type":"Buffer","data":"0Mmc5qYaOcPHuga6BsqLP9Ky7NzBDfkTBKLXvegRuhI="}},"hqQ6TIcnq07cuQgspkMJFv/Ltpg60bb5Tw50y1HX/hc=":{"valueMac":{"type":"Buffer","data":"0hqI6Xm9Nfq1/xD4NYR4dZDEMK+FInatXRF3KPQwnv8="}},"5ohmYyFHiQyPUaCnhbrd/MaZk10jY1EUdX3eeq3N18Q=":{"valueMac":{"type":"Buffer","data":"gvNKjBiWatgtXjOCYlhMvZ2PqXi+1NXS11nyY3PBGh4="}},"SkFAUwxgzKbyPjzJWEJcJJzaBEhu5iH4lg65aO6Jhv0=":{"valueMac":{"type":"Buffer","data":"y3o+a+wpjpKE9dHg+YGmX99gwUVnYvOqEjejsCuJ+QY="}},"jBoG+ADmN/XydZH6EMf+YYFAz2F9a8biVjkjl+/uf54=":{"valueMac":{"type":"Buffer","data":"FTOjBWXNBDGnIFNe0N2Rj+HS6h5wzjSaeXKJOBgDTCY="}},"/HOM1B1Yzb/ySVCu58XVpYWaIyzT1eIMnKCCa1L5BCY=":{"valueMac":{"type":"Buffer","data":"iRCtUCkjOfD7ZB6XFOM2oPYZTyu0IXkvHTqD5AQH5+A="}},"jXPTMbLc5xjXVl0955xrCTZfakRtfnzNNjBREF4pSLc=":{"valueMac":{"type":"Buffer","data":"1STzBdTi8qev89u/5fHpu2tkxOB0xXcA05SygCzc46A="}},"JHKCSCxnL5AsRS0H73XGBrZABzkPBbJg7pzYkj5L78g=":{"valueMac":{"type":"Buffer","data":"NczUUxyRnE9C6Qvtx5tG9IYq+C5uB9aeTdOEAwTpm5M="}},"lYBg5MSrqTSiCmExXXZi1HPuXbVyXZ2QQiUcIM/5itc=":{"valueMac":{"type":"Buffer","data":"dOHanCIxu+9jvuvZFRp/wiro7KbiCkrXgPRH6dCIC6s="}},"slNPGPJhsSvorI90a2lTYrwYAWffK0WY723LeMPAu2U=":{"valueMac":{"type":"Buffer","data":"d4BvABvLzrdp0kC1o/3FkEsRvTIPDF0kCeTw1fIawUU="}},"dKp515ycJXO2c7ROUoW2cTefY0hv7bFUUttgDh1aJPM=":{"valueMac":{"type":"Buffer","data":"TRIpu3fjy5vveqVESfTTpXmw9gVstpQ1cj/Rewa5yA4="}},"S81acQiEh9x+HErlNdkkg5FYoReFVPw39fsF1Io2eZc=":{"valueMac":{"type":"Buffer","data":"FAbAsqb0qDSLopMcZ24q3/i+YT9aaw/KtbxDgdqZUug="}},"1M7OHH/0es3rFCDkgZ9ODRmpYodOPDegO6dNKranvXE=":{"valueMac":{"type":"Buffer","data":"0Dg2ZGQlmAO1EKXFowi0gXIqM/cFTCpifalPOjtre3A="}},"N0s9oARSav6LX83N9CF48daIQtL/oDMVDTSYNhPleL0=":{"valueMac":{"type":"Buffer","data":"73rmuCoC2T6hHiq/NIJ4EThkcBqtgUfFlHPQWEX/uO0="}},"qbk1HLZzYsntciVjDjvaxDv/klbKAZ/6GFrI2WeXRlM=":{"valueMac":{"type":"Buffer","data":"t+wT97LLnQjY19Fq1yei+1hO7NSOq21eFnn/vxy4GVw="}},"WdS1RFrTh1LXV0zfQpjPhDJG0KhNeBfNaEcHlLHOZEw=":{"valueMac":{"type":"Buffer","data":"Y3278/JK7UyG81QjiVkFjgcAc7A4BeHNrpHrA5lkDOI="}},"mVhDEyPY/d7HOnsBm60fEzy1e/Gj1urFhO6djX/yHfY=":{"valueMac":{"type":"Buffer","data":"KVv67e8Oue5qlqIJxnjvQPPzLG8Ge0pnvbGeEGeKvKY="}},"lm5N+ELk4N8i5sewcgCw/B8zknV/pq2xFZpDnw8BoHE=":{"valueMac":{"type":"Buffer","data":"jmP2neC7h1y/WFOzPm4anuNUpF0CqEvMfQ92HFrI+UY="}},"Ihw6TrB1DuYs4eFRuVHsET4yWNKdW1Z4koxeaPHWIY0=":{"valueMac":{"type":"Buffer","data":"Rdf/ujfJxoCQYZKy6zBUrs1PbPJopu5iqtuvgA2pTUY="}},"ulBpbuggnQM+hlgslejfYK0Kv0QYOQq6l7yxY4J6x3I=":{"valueMac":{"type":"Buffer","data":"fURh1K/gaDUwF7EZgJT+6X0VqQ24W3JBvjkCjpV+J00="}},"guedrtCQj4e1G4dpV4LDmbBAeQOUraQswHNpjUrl7+8=":{"valueMac":{"type":"Buffer","data":"MjnMPaEk4FnVfYzeS0KuEFEMRKT+Ya+j79H9iQsmyqU="}},"CDL+iKaHYrGG1S/XhsxguRRXq3q1Q0+dw0amI6lxXmU=":{"valueMac":{"type":"Buffer","data":"e0lmeBX2hA9Et6LYYZtfXwys2UNNEXTD/N/YK7muMSE="}},"cEmURWrqtjyQK3yguWm9Dv+9QrQkcEv37Txnkurgs3w=":{"valueMac":{"type":"Buffer","data":"fSV+ig5IuQa7gzT+s+HLmgWsPNyfY3XlKDdPp6rcxYo="}},"j2Fg7ua1I2TYQU734r1dZ4BP+1e+ch3XNODkLDvvbLQ=":{"valueMac":{"type":"Buffer","data":"gvHl5emOtgUHXKP0qc+8TNw0frzJ1I98puQ9nipn01M="}},"uzXmFR7UJ+tti8LyP01uQNtajqUXboYKuJ5qfkrpZg0=":{"valueMac":{"type":"Buffer","data":"MrWZOuJTW78nlkmmyNxurSoJhV4xfuqW2BgWH9W723E="}},"ucrUe11hM9U9hJC8KNjR5XePANYXdrPK+AQag+4QEGU=":{"valueMac":{"type":"Buffer","data":"gkfiisQHTspgxvNDiXxsABV5U6xVETGv8OgwgjLSM1Q="}},"UA+BmdPv6InSNNaNDgDK1jFWEKo7TTzsv5eRShTXEWY=":{"valueMac":{"type":"Buffer","data":"Ce/KDn9cLNFC1SEfgCkE8muEGmWStAR8DEuCMSNTOuU="}},"VJk3S9IaOFnD6PIRvj26XXPyYtbrilbfj4NaLXLz26A=":{"valueMac":{"type":"Buffer","data":"DVHwSC+iVZ+8dj3ZCe/1mr6o3K980bkczhrAEYrFpx8="}},"Mz7luTGZGvAqtBiYROJvEMuKC3D3l3ksGugxxCkeYBM=":{"valueMac":{"type":"Buffer","data":"1ftTSHqPW04cJEBpz4z7YZ/SAugCOAb/rJa8NgyriRs="}},"JXdTCVqvj1IHPYdfYjKGdvbphHizoae1yY92ptwK+Jw=":{"valueMac":{"type":"Buffer","data":"9Eh9bmb+OSRmEF+66WzM0kNrcfgdP8n1ug069YUT3FI="}},"eLRGNDtYL4mmJCTv5BgR+a3w+FoEoMNfmSRi1xJMZH0=":{"valueMac":{"type":"Buffer","data":"kmCjc4C9B5/Qni5+w1HX+BHwZE2iXc0YKckFwS0xq2c="}},"Ei3VeTV4s6bc1xwWFlS9lVhM3eMvgp1ZaCoHm9txVn4=":{"valueMac":{"type":"Buffer","data":"5PxQvGJ74nOwctOExHZfrMrz6aqUgxOk791H+iT5HLA="}},"ga/CWE7ix4aIJOlmuyaE88F5PNxNTjav+YcZx2mAc0U=":{"valueMac":{"type":"Buffer","data":"FNGgi+qawr0R2tMDi1XPSQVpKE54PFJXBc/RC7N8dKw="}},"G0++5OWtbg9BYU4nJL5fxJ1I4/UMRq3gsdnyPS4a26A=":{"valueMac":{"type":"Buffer","data":"I6tFPtV5kF7OSQCev/NJwXfMWXzGo3/i2kAcohkqZmU="}},"u1rQSXFwvmgK4I2QND4fUV9JSUskA5DJvJvBiiWTvmw=":{"valueMac":{"type":"Buffer","data":"gO7Z11zrCyIuL3mNX62A3Txmb6cD2dZrMPE72pHT5/4="}},"Vb4GBDcdZVn9CAXWinj8YvTEC1g3r3DyROm3Bp4C+E8=":{"valueMac":{"type":"Buffer","data":"baTBrNY79hH23mN/setl7il0NFHp3qfyBu9P9ovsRbE="}},"rbKmBQtxgTQm9OmoIGee0vICnMZnQ1iilXSP4KVbTYE=":{"valueMac":{"type":"Buffer","data":"6SN8QdL2NipTHavJJxL8Z5cybRScM+a0HnuAR9MiA8g="}},"DG2PEYJYps5YA5BKln0ygaOj5CM4hsy62xsPyfol9nI=":{"valueMac":{"type":"Buffer","data":"XXoqKvNiI6YsstPRaR5b8CNF/b2ZQK/sL1qRmA0L1uw="}},"cDbFstpVO3L6DEdGds5opI7iRSpz6uCFsWUdR/upy2A=":{"valueMac":{"type":"Buffer","data":"8++jmy0Uvevb9/gcBtsy+WvyjYfSlflwzS30bURUZHk="}},"PB1h330vfI7PFSYNrpeknZyNKZerQs1ZDrt2C3aQvmQ=":{"valueMac":{"type":"Buffer","data":"eLAXwHTete6UytG/C/1qaKjDcPpL7QyLKymQDSy+BS4="}},"u65mn0XPhxnza4AlgD+4ivvlk2obdKdEGbvqexoU4uY=":{"valueMac":{"type":"Buffer","data":"jIpt3I9IkvKs4WtkikeVYw75wIxgmTBkOJ7rphC7pWU="}},"ja36VOPE583PuQ55CYkyHz/JiMlYQYOGyWJhjZLbWtc=":{"valueMac":{"type":"Buffer","data":"95Dwbp1guCc+Ka1bGBcDMsqQ2O4KKni3e/PWwaDSnFo="}},"Sa62zZa6uOyVOaZ+6VamITWA8nTUmKrlVTF2L0lBIzw=":{"valueMac":{"type":"Buffer","data":"hUWcKplWpIGhlsGfDVA1JoJLSJTcRwLpikCuCxWvB+o="}},"7Q1STyZem2LftSKM9LeEkoIxcCGMMZcu7CeJijJCl8o=":{"valueMac":{"type":"Buffer","data":"AYu8bu6+4sepM+t4kYNlweAW0tEXbzzJqh3CeTQzipU="}},"mlXICkbX7+c11LS3QSh4P7Cf9HRBcbv/VN9TesDdLjU=":{"valueMac":{"type":"Buffer","data":"izGIhoivxLe7iXnFEUcAQLSQLLYjs5+FYMYpPEM978w="}},"dcNDx1Atg+O9v4/Ltmgc0JJcZtqTgBafd+nUWUWWvR0=":{"valueMac":{"type":"Buffer","data":"vhykSxQvYSijx8d1PsB0bzPwXOGgdnqxrNShN24Px/I="}},"2ETyk+bfkGSgiqtFNFrGZ/agW/1n32woGOpUGyQ3waU=":{"valueMac":{"type":"Buffer","data":"Rms2Dk38XhMdA+cdYdecV4I3sqRoaFpzTXGfpgp61vw="}},"rKkjxdubM89pduDtIQTb+D23ATvanwz0a+2n/z7nhqc=":{"valueMac":{"type":"Buffer","data":"AoQqaxD/jM3AI8D14uMKpXD/x4hT83b8+XgVaeMpBnE="}},"3DYpUluvX/hNMYonCtgyubM4I8qq0IjmumX/I2usNiI=":{"valueMac":{"type":"Buffer","data":"QyRFrPDFPTryIS+C28/OjoenegZ+8f7I1VZdRjpSqq8="}},"+sSxuBGwsJBLRxEzkC7H+OtyPry17zIgy9ytws40NvQ=":{"valueMac":{"type":"Buffer","data":"VaZ+q8AGDwi1tQzHqWBtXuYJQ+fpojlFXtxSAuWS0t8="}},"y+y5TMxwh/Y6GQRAWu7ZWZ5hoPCclGeSrDye+gh0fnY=":{"valueMac":{"type":"Buffer","data":"Zgq3tR464d1ix6nRCi7BKgiWlohyhZGDvMmhq+Nez8Q="}},"K+i3Vicb8R9w0dzK2TkUU4SZpFjOnYxihhAu2056RD8=":{"valueMac":{"type":"Buffer","data":"5ig3tbTsoAfbPF2nY/kkXAVatmnxhib8Bp8dZcSUuYE="}},"e4PrfO16D5NQVkbVjk9C/Moaq6VmtMspwTFUv1deCo0=":{"valueMac":{"type":"Buffer","data":"TdQfp2ekurDgtv/9UPzQhOZPunAksnNLNBHow1oj9LI="}},"cjai1jYYOcXzE42mT8LW+xcofM4TsWh2SGxafyc69NQ=":{"valueMac":{"type":"Buffer","data":"sOoewKPjnGVxGdzrDimqMWqwKtGjmRaX7C2HBqyYLpY="}},"DxraDFs3grBD9v/0TA4W7AdwMwHz4OUhWiVM80UP2u4=":{"valueMac":{"type":"Buffer","data":"Bt/Et1MlJEse4041WVb6dYnXSZeZ3JxHOqASkhVpFZI="}},"o0/1pQ7S7lkgYV9Fmaa1ON9d76rl+wlBYVr9ByhV9ng=":{"valueMac":{"type":"Buffer","data":"xXeGt6GJ+6EBBqk0HE1/VxYBgN4km3Fyjna4M9uUyp4="}},"S7J9Mz+3uMeV3RiSYACfD8shnGrtPGNUDFhljkwkwK0=":{"valueMac":{"type":"Buffer","data":"ur3T5ZM6AvelohKzYCsO5wYwq7cB1ColxZyZYpplojI="}},"D2lIJ6ghiWfwiHzMqh6qJwijczL+7gaQkG1p/5201+k=":{"valueMac":{"type":"Buffer","data":"fG5Jj6GVHXaMZNQkihBLDIrhGTaeURQc+C8XSn+jqB4="}},"a2FxgFA99B2wPFxHFtOiXK6YdQ2o/Nkyn048UxmJU9w=":{"valueMac":{"type":"Buffer","data":"btcfxsgB1Z1FT136MQXiS4Q1jUlvNOr/f7vkbYk3bWM="}},"GRZR5Mww6Sv6XhQFFCBTdkibrbULl6OS29kHiV8sfsw=":{"valueMac":{"type":"Buffer","data":"ypcP8TRujq6IyHRk5ENScwxaY6qaM8qh8tKq3hXzIEw="}},"Krlga+2zyXKrKJE6cuSAvbaT8TS7lttHn6HMAnk38GU=":{"valueMac":{"type":"Buffer","data":"ARXNXSOnu4JnOgBDNkCYAk5Ga96to5zJT6KN372k/9o="}},"BmzrUWEm+nwmhXx5Xdjimu13b9IXjUpwjS3cLQrLOt8=":{"valueMac":{"type":"Buffer","data":"ub7m2EWe0qnKXNJjCHUdBWZ87XcXt6YyMH2Do7JmLJ4="}},"ERUf+9uqft7vlgeY0qIGtj6ygcymO63BWPTIxzn1sOI=":{"valueMac":{"type":"Buffer","data":"lcvnHOS+kSfbpzGEzV/hoJ89KXKijNv7XJjboYEutpo="}},"14kn5b4i7fkneiHvTjqF2JmGrhZP/q2gv5LCRYmnq5M=":{"valueMac":{"type":"Buffer","data":"Vj0M7ZO6h4yMHykSB8EnPiGXbUc+vK/xIlfrHINbUr0="}},"iFf1diBAale7gZMjaqYOfoNXXoaZWBxSsvvhDRePOhs=":{"valueMac":{"type":"Buffer","data":"NlBO09aNn0AVKhw7YoYwsSqhBfASaPA5/O1y+v9xpzE="}},"RDziimD5ccylhbhFT9Lk91GPHYXhd2Ygyf/P+Y58z/A=":{"valueMac":{"type":"Buffer","data":"grVBBjE9C5dobPxVaKS1P27UbTvimJPyxdhqF3WAHPI="}},"TZbFQOWvw4JIwlCwZjVRwpSkZBkgjGnRI6uoy4YQ+VU=":{"valueMac":{"type":"Buffer","data":"wTTWad2Vx9atygI62buMehxbxV2Cm979blLmRiKsikY="}},"448R5VNaXbWwatDM60e2THOTQuQLGNFabIc9GdyE/dM=":{"valueMac":{"type":"Buffer","data":"SOBXiB4H99aFSlDLzCryQc1/IjpOjBvVnCM5JQ71HPk="}},"Hyiv1f1oDljLWjeLTOalo7QUlqDhNjiOFfuR5k29hn0=":{"valueMac":{"type":"Buffer","data":"uRU1mB1PEGD4zNS6p7jxub5XBVD/HYirxfhRGVQ3+HY="}},"Uz7ABoQXKZBLDpvcMTxX5pvpnvKGyicZFe9gf5GcBes=":{"valueMac":{"type":"Buffer","data":"dwcdEHxhShdGcOtp9aOFlyFECKSVCtmlPaMZ41jSCgE="}},"e0IfNcQ9udssCb03klVLUkKJvb5rVa2DPJmy8deWRHw=":{"valueMac":{"type":"Buffer","data":"PdNjJpLy/gH8wykXEoDaVE7MW4s7CiuY1M1OCG32Knw="}},"h2Tho+eaQjkPHdN2fnwRhS2acd8RncdYL70ioh2hKI0=":{"valueMac":{"type":"Buffer","data":"OOctWnDfvPP4XLeiTo7KRtrsiZTwNsjwzAgy6I5AQE0="}},"xbC58Yzh8KwAhccdOh+F7Unf0CGwrp6iEQLHLU2OH/0=":{"valueMac":{"type":"Buffer","data":"hEvOXMVRXB1nM02v9unPOzz6m55yC41F9SyIDspOpCE="}},"OPp+pdIdTw1aBhEwv4U7m8b8o2uumv4R2I6GJ/vB8fo=":{"valueMac":{"type":"Buffer","data":"/xv8jIuJUspRmgnSy2MUIkE/12XKS/pF/qq4VXiGRyA="}},"lNhTx9fvx20iQDmAI7583AL/kcKWvjA5Eea9jjHP2L0=":{"valueMac":{"type":"Buffer","data":"RzVy6LFG24j8SfX6Ur3Y1Ftj8sQeDCovUixs0I9jPTo="}},"8xbCt4L9jKB/LogJ9VRG9uU6XBqJbg848/oQ4L5uXTk=":{"valueMac":{"type":"Buffer","data":"K/ipKWlxBSPC2gZBjn/06BF0iekZdfpw6FnPbU+AXQ0="}},"AfyoUYmjrckBaKRd2Btz21mkTFkfVMLXHBb8A1ot6WY=":{"valueMac":{"type":"Buffer","data":"vQvHDobf4ebOq68+1Kbm3Ef9ItUfOvbxVkau0ctsY5c="}},"4rzsMEmAsYzqZhs4+Ui8Nm8hj3Rn7WYQnxZzvrRCiCA=":{"valueMac":{"type":"Buffer","data":"W8efOOarvfW53kUYvsQo6zNbUkSyg2uLFxAWYyy380Q="}},"y0VoMEgRyW5OjJwBtIdHJPeD20EV2thfYmlyukTD7gE=":{"valueMac":{"type":"Buffer","data":"utyjOMhCikJTGym+I8NO4BzhZV+GtXOevpN+50l1fKs="}},"JW5fnlmRpyrdC/wM7RbCBF2bZd+4s5vRID7M05WCvXQ=":{"valueMac":{"type":"Buffer","data":"UQC7r1z13HJuM2G+JlyL/7FFDPjGY4P9Sk0jvDwvv+c="}},"9UKAEajFFWA6kEkWD+gr4XdeBUQScVZtDAnqSkuj82I=":{"valueMac":{"type":"Buffer","data":"YY1W1nuxWs9mXeUG2sJCxrSBS0htNBs/H7P2CVMYxhA="}},"LizgIaTJxcBzoRuWcVZA2lmdROAvw0EFRphyrwt5aYA=":{"valueMac":{"type":"Buffer","data":"pPBh7sdrI03H35x+VBnLMsDJb4aefFUuX65RO5Fx09c="}},"OFE77qd8VNBMOB7Crv+OqKMOHE14zRSgr/civuHEorY=":{"valueMac":{"type":"Buffer","data":"Jnx1fDMLqISJ5Rba4JTAUKAN7NQlqd3x6YeEvAv3Bvo="}},"61EmG59adC4ikMuIVkDKxPXTPSspfccSQjz/gcp1R4U=":{"valueMac":{"type":"Buffer","data":"0BDw3wKC3bvHtsgyn+EGoI5OSXARV3YmT/BeXkIM53I="}},"VvbimKScXZ/B0EXXJLam/0KyCywMoostrH2zGny99Bw=":{"valueMac":{"type":"Buffer","data":"37uWT/3nhKH0aWHxCftQ44rqm9JpsRDRCKUMcuTEW8s="}},"eeWmIxOlyJxiBXV4ju5g8AXBig6cppC+xwWKWPZ7/Eo=":{"valueMac":{"type":"Buffer","data":"WMoAm7ANaAprU+UvNczyIetgpOxS0PQnePjyDEIDcB4="}},"SEN5q+TxFEMth7wp/CmcH1d6ROyJL87iKasbar/u3T0=":{"valueMac":{"type":"Buffer","data":"Sb92/5o1E+1N/tx5H/ptBaGUewl11hoq40GMl/HfVcY="}},"StdGLxOF+GhlARfbgQ2XIjPF8d/waxK2E224DDJoaQY=":{"valueMac":{"type":"Buffer","data":"EOJlMqilL03zWutvBExs7YyTIdzZwW5w/s/IiU25QmY="}},"TocZwTPJQcos6azaaUfkj37o0tLTvDB+o4vz8VTJx/Y=":{"valueMac":{"type":"Buffer","data":"j5ehjYAnZDd8BepNhKHvZCGqi9c7uqlJQRNUO8pjRWw="}},"P1OYDfoaPVCeGcOEenYBsi+5V6aNnvNI2vekLQIyU9s=":{"valueMac":{"type":"Buffer","data":"W4QgejQ6SHvFYVqJUnd0lTY8qvty5+2OUc+w6kG15Tk="}},"9jojQTNZiSSWL2K2hi9Dk9LISxBh7XRsUQ2gaN+sRPo=":{"valueMac":{"type":"Buffer","data":"oiBI1a5/ZEFEoPrVu1Mqgl6Nm5v8vwQsFTWFQHTwy3Q="}},"rS3sWxUc8/UsogFozILbq/V0L03wpfbmG90MFhPT9RY=":{"valueMac":{"type":"Buffer","data":"IuaYwLi9SElSHut1LRWCLLcA/Zty7eXHkHudnwM3f4I="}},"ywiOWG9v/95tXTz7K8VuFaTMsfcScFkhakp3CQ7B7EU=":{"valueMac":{"type":"Buffer","data":"TcxTtiDXQGDvSc6xYGw7IHezXseoTWryPmtbcywnXfM="}},"NZGxBJMU8jJQZsGZZNPbE9zScuG6yAqLxj//AR2t4PE=":{"valueMac":{"type":"Buffer","data":"883olkYHOZbSTM2kSkEuJdPoC7ach3vFIFSU+mlgdmo="}},"YZzFBLPa9k8Q8zSTTePt95kScnvabn9awE6Qt7C/JNo=":{"valueMac":{"type":"Buffer","data":"fIg435xbT0+uR+29VBbAjdJDxh1p4YYtY567SSSeNeI="}},"1K36kd7hZDU2POFk/rUH6AaIzrcTe6HHp3xzyuDLNVM=":{"valueMac":{"type":"Buffer","data":"GwAC64dKDYEm0kDOWwpw226VZgS7abYp8/oyYposAIo="}},"cSaiqD3zftzKVBkGviWd5xJLuH0RbMcawgVlHd7a8BE=":{"valueMac":{"type":"Buffer","data":"Hdcf9vXePKJqk9+g8/xsYGjcDNDI7JkCxn7eGbHXfvU="}},"Rajloi8d4aUsvqU8WFlp+Svd/tDUwCCKmLgGtEsSSr4=":{"valueMac":{"type":"Buffer","data":"SrKMxAEnUoiwdiJfRwBx1CRuYqv2sS+ayEFZG7okao0="}},"az0xlcWIlEov8ZeHK6BjKm4KjPfgJuqOD+DmmPiiHfs=":{"valueMac":{"type":"Buffer","data":"+E7P+jqV2Yh44qgIFlw5gbJIT6BpWw2m5Ndp3f6wRJo="}},"vtC9bhLMKV4blkvtrtBZIgcXFfXd8qJ8KCFH1dJbMSM=":{"valueMac":{"type":"Buffer","data":"L+FRwSCLQvrW4haC56+Yy5UnmTpYQmicniIGHFuWZ90="}},"p+I+9MHBBDnIZih9YNBXimfO/O+YPmwxucd46+RWpOw=":{"valueMac":{"type":"Buffer","data":"+svFIjdFRRX+HiwcsfLyfBILAFv4fgbmkQJdEoQhrjs="}},"GLY7MbhOVgI9oCm7olwTjBCJjHmiiYOpKwYuIGO6Cd4=":{"valueMac":{"type":"Buffer","data":"xOZFm6D8CMOSL0Lx2y21W7mgBKSMXMc/1TjLMTo4z/A="}},"plNMh1o64B3jcc+fIH2opDt3s+yGggZv2rRrVqVpIs4=":{"valueMac":{"type":"Buffer","data":"TZ5sKIfH2N1JkAUwl7f3/RVAFlzaOIfZ0wvjZwa3/jU="}},"59cXMtBAttLyqGgA9800AeJVUKspGGe6sj73/4baUQU=":{"valueMac":{"type":"Buffer","data":"tBXcNA5OxaRfBJxz5TpcuHj7F6VwQJa7hEjeLPx6ygs="}},"15MngfQ2O8ZbR/uWmgBs/Wp9ov2C+Fz4GjaSsVRBzs0=":{"valueMac":{"type":"Buffer","data":"A69aaZcg658e/XYd1psY/uifbUPg35E5scpiNkeM5yE="}},"fqGgIPAaA6rhRQPHrLt08jp1eWWmrMUXs4NvIaMWOqI=":{"valueMac":{"type":"Buffer","data":"o+OD2JvN5DYoytVBErzXWvB4SRM2KyDfm3V+M6Tj9vQ="}},"omwBnceHonzpiT2/jtoN/02vq6PEDbE6AswWpnxh5fg=":{"valueMac":{"type":"Buffer","data":"RfFmJCXQvAbg2jR5gQeJ7pi90lJhv64+tsyO5P0BstQ="}},"+PBshWz7FlqPHpKMIJgsx+/u9PCMsVmucaEosxzzL/4=":{"valueMac":{"type":"Buffer","data":"1B43O4uLvA4rVHOVx35pXsWjz0Eg+/p+a/lJU72707I="}},"3+yRk9vdGcPgphVtdRYcVrAPPEzW/tJJpoYg5xHep1s=":{"valueMac":{"type":"Buffer","data":"1jB3x7fr7eIskgq8cyNkOeSMTK8wR1B5CBwACwf6u9c="}},"ElPAGZ0vGHdo8QJPyLVQcIk4dMpNtwMdNQ3sMTDiusk=":{"valueMac":{"type":"Buffer","data":"ry1TFf3eOU+noR5Z3n372r5A7r/uZT2lThVhl5wOLxI="}},"BD53I5vB+fbdkf1SAB+nzepCchfFU5jsSspBUrnONak=":{"valueMac":{"type":"Buffer","data":"fxjT7FLiGyzgvBRtHei0SNnruCCQvdVdm/P+OvvAygI="}},"/hLX0pKjIdMmfjrbzmMmWorWow8jTQ1dkqTBE4Y7YW0=":{"valueMac":{"type":"Buffer","data":"DgTt7p4j2/TCjtN9sC1h2mM/sIyFAaJEntRlG2++gk4="}},"GNAp/JbsjX6a15kr8FjSeO6c2jmI4unJod19mEPDu9U=":{"valueMac":{"type":"Buffer","data":"zHoghYJsoZtcl6yTCoJC3Pr4w/WT9nrOG+0CKx9yWd4="}},"JodxlHksQyp6t9esp3p1ABGkiCAsqvEbd0hijcq7rVA=":{"valueMac":{"type":"Buffer","data":"JpecjwU4X3aL4j+d+AQAivfZ35kCZduQ7l7ev+rpcP8="}},"CPOQ7mwZhHCyb2voANeveH0c7J8E2+pbMjYMwbuBqdE=":{"valueMac":{"type":"Buffer","data":"5W8Neqqazlfg5LevG/ji4VDeLXzysXqmHojCOLeroLc="}},"T9HudXKx9IUGihfRDV2Reo4ces+N4wpvrP4CZgsME3c=":{"valueMac":{"type":"Buffer","data":"flkj8lyiMWg45PXc4dbyRLXWh2O0PR4FTUj8Q9ttkSU="}},"LnLp8cX8lxgZ4ySYyAEUAnjbFlwe1zcFs3xEczf0GSo=":{"valueMac":{"type":"Buffer","data":"iJ1BOU7ffLD+RLuBps/bGnYpIdfzqY2z8WgApVtsRv8="}},"shrx+HMUrp2eYaSkqD4IOn3mmMQD0QG+u7ZitHaQjsM=":{"valueMac":{"type":"Buffer","data":"YG5yKYTBwcKiczCD27MGJCWgx3mOvrrqbM6UkmSGzFg="}},"4I7r7tl+8R+O4bT8UylvX+ve/Dn3HWgrdy060j8MNR4=":{"valueMac":{"type":"Buffer","data":"sZimN2LXTCEJhRdy/nrHGwxQ6hHTF1RoKnjsyoAWLIU="}},"/kGQKNdBfW+OKha+Izfp13wgXyq0N67XZpvncNyY8XE=":{"valueMac":{"type":"Buffer","data":"yBpz6mZwa5vHVRGMCj7EfU3xjcTrt/pK7QoIq93sBQs="}},"/fYWigKtlKeiXll4dff7oi67AXBpvB82vB1VU+1DsrI=":{"valueMac":{"type":"Buffer","data":"UzkKgzuyuPFotFL5cMf14GDJPLDJTpU7Oen5+ptvNaE="}},"T//uA7UjLCGan4ixJK7Rq5fldtNmkfXTRjzSmb16JcQ=":{"valueMac":{"type":"Buffer","data":"16p9dSzhTQ5koCxVvohV4658gJa01KC68G78Q6SNcPc="}},"MsHDDwX6xtIi6LLZjwAijN/tOrnTrUKW5DXbkjDVGUc=":{"valueMac":{"type":"Buffer","data":"50kQjZiOb2gCzwifzeBArcEhidLyQQhMAw6efKS6//g="}},"r87b1Md7uhqCQbtNuKAyEVeyz+rcOk3XVW0Fp7Yi5SY=":{"valueMac":{"type":"Buffer","data":"L6M+tSurQidAee4nKHTpfQuDdpHK/Srhr5xLrt3zf1I="}},"+IN221kjka/4DSXvjRYGA2cOuThGNo1NcD9NOSAox0Q=":{"valueMac":{"type":"Buffer","data":"5pbrsrrVu0I+B/AkyIxlIbzJuYmoDnBr0LIYqf+hDPw="}},"it0KriGDVEvUsm9IfiL7J7PtKJN9awtP7R+oFQY09K8=":{"valueMac":{"type":"Buffer","data":"pJq/ZnJ5QzZZBabFmZG/kIqDYyi16iUDRMy2ZLFac1w="}},"SHLirBHeB3l1b3zTJVyz8jgBgZkP2jP5hyTi60/4C3A=":{"valueMac":{"type":"Buffer","data":"UJTnuqKQeXiuufhU/NtA8g3jRVBqn0OcnmFKBkJ/5ws="}}}}