{"noiseKey":{"private":{"type":"Buffer","data":"INgPLfbdCmAoZ7o10+3DhO2m4aTnxPVx3zcBUqs/5n0="},"public":{"type":"Buffer","data":"xFE9Nsl04TIa4cYMgP3ky5w2xPygeJldIASdfARo7D4="}},"signedIdentityKey":{"private":{"type":"Buffer","data":"ICle8I3m8CEQwHv0SiHD5SV4MXclhOvWnp7tGsM89mc="},"public":{"type":"Buffer","data":"sIt/eDpQkIk4PuqIoHz5L1qfJSoo8pRcIYugE/LhdAA="}},"signedPreKey":{"keyPair":{"private":{"type":"Buffer","data":"wAr/3tM8o4xeI+egqAfrkfVW3LkZG5rDyDfs5qAVU2o="},"public":{"type":"Buffer","data":"hRIQ6MmOpVO/ze60SyraMr03rTsp8f43d1yc6CYc6Q8="}},"signature":{"type":"Buffer","data":"S3+HNX0SNyctblyFySy8Bk9hXNVOFdlP5bmJLn54EwNLrm5uPLWnFUO+SfWL2IEr0hRodiV8O3/LoVccIO7rgQ=="},"keyId":1},"registrationId":158,"advSecretKey":"DruGpkBL7EaunyT/pLTZGI1ZWYEMB2o9nK6afT/DgbE=","processedHistoryMessages":[{"key":{"remoteJid":"19296366629@s.whatsapp.net","fromMe":true,"id":"644ABADEFC017D7C720E5E5B5E377431"},"messageTimestamp":1681803458}],"nextPreKeyId":31,"firstUnuploadedPreKeyId":31,"accountSyncCounter":1,"accountSettings":{"unarchiveChats":false},"account":{"details":"CIjL5egHELyR+aEGGAE=","accountSignatureKey":"W7a8uU81Wmpu7XmilUqKYOiL07tSsAvOKizxbA4VIk8=","accountSignature":"KFFZPNEyge2U/ap7WoXIYWJOZnfxqR/pu9iRiyD0qD/1yKHFEBdXXSuwTOFWnviFjAb62Rsagwg6ZJBy9PgYAA==","deviceSignature":"36+KlyCYu4IjykJQTVZEbdc5J6KpATBQs+7q+1VXBIyqCsIAIAjTB9XHTQMb0HE+rP6lAp0ElQzaZcQ9JF32hw=="},"me":{"id":"19296366629:1@s.whatsapp.net","name":"Ziddi Klepon"},"signalIdentities":[{"identifier":{"name":"19296366629:1@s.whatsapp.net","deviceId":0},"identifierKey":{"type":"Buffer","data":"BVu2vLlPNVpqbu15opVKimDoi9O7UrALzios8WwOFSJP"}}],"platform":"android","lastAccountSyncTimestamp":1681803454,"myAppStateKeyId":"AAAAACvC"}