{"_sessions":{"BZE9vLYrYjwZ4uF43tw6MjVgLilD6Z3V9UroldfWs8Uu":{"registrationId":1427030454,"currentRatchet":{"ephemeralKeyPair":{"pubKey":"BfkvhFbl3O2LyP7QOarbK744+2r9vHaLQYO/1Sm68klh","privKey":"oG19ZwO7AWpxIc4fsfJtu47JUJ/fIgHjly+/sOcr22E="},"lastRemoteEphemeralKey":"BfDVf/UGjySESz1x4S/IsItTja4iIemiDyE9/WvogO4X","previousCounter":0,"rootKey":"xt9Ct+ICNCi0DlvpSM3CH0/wPC2IkUh0JZjA4ue2VU4="},"indexInfo":{"baseKey":"BZE9vLYrYjwZ4uF43tw6MjVgLilD6Z3V9UroldfWs8Uu","baseKeyType":2,"closed":-1,"used":1681803456349,"created":1681803456349,"remoteIdentityKey":"BVu2vLlPNVpqbu15opVKimDoi9O7UrALzios8WwOFSJP"},"_chains":{"BfDVf/UGjySESz1x4S/IsItTja4iIemiDyE9/WvogO4X":{"chainKey":{"counter":8,"key":"yxo/z7wnqR7VlBtm7IRQSBA5gF7HoaE/THDCGMfw16Q="},"chainType":2,"messageKeys":{}},"BfkvhFbl3O2LyP7QOarbK744+2r9vHaLQYO/1Sm68klh":{"chainKey":{"counter":-1,"key":"KymxhAPQ1GMHUW/4HuxHcOpfV1X/3YMZ9ICZZibs5YM="},"chainType":1,"messageKeys":{}}}}},"version":"v1"}